Output voltage (V),Process corner,Voltage supply (V),Temperature (°C),Coarse code,Fine code,Timestamp (ns),Mean active power (uW),Minimum active power (uW),Maximum active power (uW),Sleep power (uW),Error voltage (V),Feed voltage (V),Start-up time (ns)
0.926403,Typical,1.8,-40.0,0.009,0.008,362302.0,92.27270755903326,-0.05165416799999911,123.7848786,0.02309298839999997,-0.006229999999999958,1.07524,62800.0
0.926506,Typical,1.8,-39.0,0.009,0.008,362302.0,92.22139631137073,-0.053432132400002226,123.7024584,0.023101912799998757,-0.006141000000000063,1.06846,62800.0
0.926618,Typical,1.8,-38.0,0.009,0.008,362302.0,92.13640240278608,-0.05532188579999994,123.66259380000001,0.02314471680000008,-0.006057999999999897,1.06131,62800.0
0.926734,Typical,1.8,-37.0,0.009,0.008,362302.0,92.01824380996258,-0.5453268911999999,123.526863,0.023128389000000017,-0.00597700000000001,1.05375,62800.0
0.926849,Typical,1.8,-36.0,0.009,0.008,362302.0,91.91823201937035,-0.05896095120000022,123.4339488,0.02308055940000001,-0.005905000000000049,1.04573,62800.0
0.926964,Typical,1.8,-35.0,0.009,0.008,273502.0,94.0963839040313,-0.060936767999999884,123.3435672,0.023101916400000044,-0.005831999999999948,1.03717,62800.0
0.92708,Typical,1.8,-34.0,0.009,0.008,362302.0,91.81494706397555,-0.38959524449999994,123.2478792,0.023159680200000043,-0.005759999999999987,1.028,62800.0
0.927201,Typical,1.8,-33.0,0.009,0.008,362302.0,91.74121238127148,-0.3961173274199999,123.1500474,0.0231776964000001,-0.005703000000000014,1.01815,62800.0
0.927312,Typical,1.8,-32.0,0.009,0.008,362302.0,91.63862387219353,-0.4026981185999999,123.0478578,0.023121689399999992,-0.005639999999999978,1.00752,62800.0
0.927435,Typical,1.8,-31.0,0.009,0.008,362302.0,91.52618303020529,-0.40916741274,122.94508319999998,0.023122137599999985,-0.005579000000000001,0.996056,62800.0
0.927554,Typical,1.8,-30.0,0.009,0.008,273502.0,93.64241256419402,-0.4157012527199999,122.8366206,0.023139322199999892,-0.005529000000000006,0.983782,62800.0
0.927675,Typical,1.8,-29.0,0.009,0.008,362302.0,91.35942380715944,-0.42229401083999996,122.72327820000001,0.02312823060000105,-0.005486999999999909,0.970854,62800.0
0.92779,Typical,1.8,-28.0,0.009,0.008,362302.0,91.26168707694652,-0.42879694661999984,122.6061576,0.023198821200001035,-0.005433000000000021,0.957659,62800.0
0.927912,Typical,1.8,-27.0,0.009,0.008,362302.0,91.16668992691352,-0.43536180059999985,122.4848286,0.02311039979999998,-0.005387000000000031,0.944784,62800.0
0.928032,Typical,1.8,-26.0,0.009,0.008,362302.0,90.8471749094734,-0.44191853406000015,122.3569548,0.023121278999998798,-0.005348000000000019,0.932835,62800.0
0.928155,Typical,1.8,-25.0,0.009,0.008,273502.0,92.94024121338852,-0.4483630781999999,122.2242966,0.02320767719999997,-0.005322999999999967,0.922187,62800.0
0.928279,Typical,1.8,-24.0,0.009,0.008,362302.0,90.6746865072717,-0.45492094980000014,122.08763879999998,0.023196706200000014,-0.005284999999999984,0.912902,62800.0
0.928407,Typical,1.8,-23.0,0.009,0.008,388302.0,93.65227146160963,-0.4614830136,121.94227260000001,0.023160045599999887,-0.005252999999999952,0.904835,62800.0
0.928525,Typical,1.8,-22.0,0.009,0.008,390302.0,93.54997539607467,-0.46814493059999995,121.78564920000001,0.02321272800000107,-0.0052040000000000974,0.89777,62800.0
0.928652,Typical,1.8,-21.0,0.009,0.008,328502.0,93.91892951497267,-0.4747008978,121.6209456,0.023196427199999977,-0.005163999999999946,0.891505,62800.0
0.928781,Typical,1.8,-20.0,0.009,0.008,331502.0,95.84050604798131,-0.4813044912000001,121.44865860000002,0.024731623799999478,-0.005114999999999981,0.885873,62800.0
0.888642,Typical,1.8,-19.0,0.01,0.001,295102.0,97.56092773694856,-0.5406298578000006,129.28311539999999,0.023174947799999967,0.0005980000000000985,0.869551,127600.0
0.929036,Typical,1.8,-18.0,0.009,0.0,335202.0,88.38627642084225,-0.4944530304,115.70005439999998,0.023175386999999933,-0.005012999999999934,0.876022,62800.0
0.889296,Typical,1.8,-17.0,0.01,0.001,295102.0,97.43024777747897,-0.5552465022000007,129.4888896,0.023224179599999468,0.0006420000000000314,0.861861,127600.0
0.889628,Typical,1.8,-16.0,0.01,0.001,295102.0,97.34443683703773,-0.5595656904000006,129.580362,0.023184968399998385,0.0006680000000000019,0.858304,127600.0
0.889954,Typical,1.8,-15.0,0.01,0.001,295102.0,96.38322733307287,-0.5666874353999998,129.6853434,0.023202926999999915,0.0006890000000000507,0.854903,127600.0
0.890298,Typical,1.8,-14.0,0.01,0.001,295102.0,97.16722920251965,-0.5738518080000004,129.7953234,0.02320243380000002,0.0007019999999999804,0.851639,127600.0
0.890626,Typical,1.8,-13.0,0.01,0.001,295102.0,97.01713029004682,-0.5811419952000001,129.8541762,0.023195957399999995,0.0007329999999999837,0.848493,127600.0
0.89096,Typical,1.8,-12.0,0.01,0.001,296102.0,96.85845335574813,-0.5887027133999999,129.8692404,0.023200847999999358,0.0007530000000000037,0.845453,128600.0
0.891293,Typical,1.8,-11.0,0.01,0.001,297102.0,96.7801759246293,-0.5962999895999999,129.9540294,0.023199069599997624,0.0007740000000000524,0.842507,128600.0
0.89163,Typical,1.8,-10.0,0.01,0.001,298102.0,95.68732613239877,-0.6038042039999997,130.080897,0.023151880800000052,0.0007900000000000684,0.839643,128600.0
0.891972,Typical,1.8,-9.0,0.01,0.001,324102.0,96.79854339259656,-0.6112693565999993,128.937141,0.02316711780000164,0.0008090000000000597,0.836855,128600.0
0.892313,Typical,1.8,-8.0,0.01,0.001,325202.0,96.40453663993596,-0.6191603586000007,125.0443386,0.02317347000000004,0.0008259999999999934,0.834135,128600.0
0.892645,Typical,1.8,-7.0,0.01,0.001,325202.0,96.222426151098,-0.6264569231999998,124.8861222,0.023188264199998816,0.0008470000000000422,0.831476,128600.0
0.891958,Typical,1.8,-6.0,0.01,0.001,325302.0,96.0473590718387,-0.6337431000000003,124.6986792,0.023196934800000037,0.0009409999999999696,0.828648,128700.0
0.892305,Typical,1.8,-5.0,0.01,0.001,325302.0,95.90176557423788,-0.6410970377999996,124.52974019999999,0.023213896199999976,0.0009649999999999936,0.826102,128700.0
0.892655,Typical,1.8,-4.0,0.01,0.001,325302.0,95.8754671481099,-0.6484890204,124.35809220000002,0.0232307117999999,0.0009740000000000304,0.823602,128700.0
0.893007,Typical,1.8,-3.0,0.01,0.001,325302.0,95.66899788252171,-0.6558949134000001,124.17859800000001,0.023251028399999433,0.0009929999999999106,0.821145,128700.0
0.893358,Typical,1.8,-2.0,0.01,0.001,325302.0,95.45069960034964,-0.6634255878,123.994188,0.02315039580000006,0.0010060000000000624,0.818726,128700.0
0.893704,Typical,1.8,-1.0,0.01,0.001,325302.0,95.23197487876105,-0.6708515058000001,123.8050422,0.023248355399998793,0.0010210000000000496,0.816344,128700.0
0.894067,Typical,1.8,0.0,0.01,0.001,325302.0,95.04740477056437,-0.6784083486000003,123.6127014,0.023210402400000017,0.0010229999999999961,0.813995,128700.0
0.894421,Typical,1.8,1.0,0.01,0.001,325302.0,94.8070206459748,-0.6859903428000002,123.41582820000002,0.02320084260000006,0.0010420000000000984,0.811678,128700.0
0.894775,Typical,1.8,2.0,0.01,0.001,325302.0,94.6033812763191,-0.6935836752000003,123.2132868,0.02321955900000006,0.0010449999999999626,0.809389,128700.0
0.895135,Typical,1.8,3.0,0.01,0.001,325302.0,94.37442548790101,-0.7012382687999998,122.9907096,0.02321374140000013,0.0010610000000000896,0.807127,128700.0
0.895492,Typical,1.8,4.0,0.01,0.001,325302.0,94.13268091711498,-0.7089164261999998,122.89788900000002,0.023183647199999942,0.0010700000000000154,0.80489,128700.0
0.895851,Typical,1.8,5.0,0.01,0.001,325302.0,93.80680602897523,-0.12291083640000024,122.68241100000002,0.023238048599999964,0.0010790000000000521,0.802676,128700.0
0.896216,Typical,1.8,6.0,0.01,0.001,325302.0,93.68462838095148,-0.06665614920000032,122.46546600000002,0.02328696539999904,0.0010780000000000234,0.800484,128700.0
0.896572,Typical,1.8,7.0,0.01,0.001,325302.0,93.45154668849099,-0.05715851580000031,122.257593,0.023237213400000033,0.0010930000000000106,0.798313,128700.0
0.896943,Typical,1.8,8.0,0.01,0.001,325302.0,93.24499593113241,-0.05222219400000015,122.028921,0.023303898000000087,0.0010919999999999819,0.796161,128700.0
0.897304,Typical,1.8,9.0,0.01,0.001,325302.0,92.31548611156767,-0.05167097099999988,121.7946798,0.02327717340000013,0.0010979999999999324,0.794027,128700.0
0.897672,Typical,1.8,10.0,0.01,0.001,325302.0,92.6629562149447,-0.051860921399999566,121.08176640000002,0.023299631999999845,0.0011059999999999404,0.79191,128700.0
0.89803,Typical,1.8,11.0,0.01,0.001,325302.0,92.48721363641974,-0.05230778400000002,120.82432499999999,0.02332531620000011,0.0011129999999999196,0.789809,128700.0
0.898404,Typical,1.8,12.0,0.01,0.001,325302.0,92.23621512414203,-0.053176462199999906,120.72163499999999,0.02325950820000014,0.0011139999999999484,0.787723,128700.0
0.898768,Typical,1.8,13.0,0.01,0.001,325302.0,91.96885197057807,-0.05422075200000004,120.40218720000001,0.023253307199999917,0.0011160000000000059,0.785651,128700.0
0.899134,Typical,1.8,14.0,0.01,0.001,325302.0,91.71348368171692,-0.055284512399999854,120.0782682,0.023329837799999312,0.0011289999999999356,0.783592,128700.0
0.899508,Typical,1.8,15.0,0.01,0.001,325302.0,91.42544379772539,-0.056496614400000124,119.7420156,0.023387248799999934,0.0011209999999999276,0.781546,128700.0
0.899871,Typical,1.8,16.0,0.01,0.001,325302.0,91.1940899916656,-0.05783429699999969,119.39571719999999,0.023319959399999857,0.0011349999999999971,0.779512,128700.0
0.900248,Typical,1.8,17.0,0.01,0.001,325302.0,90.91009223473229,-0.05917024259999993,119.0489724,0.023347117799999772,0.0011379999999999724,0.777489,128700.0
0.900624,Typical,1.8,18.0,0.01,0.001,325302.0,90.65336805244992,-0.06059894940000039,116.8079742,0.02333526659999984,0.0011300000000000754,0.775477,128700.0
0.901002,Typical,1.8,19.0,0.01,0.001,325302.0,90.3795538149135,-0.06196661459999892,116.53604460000001,0.023332024800000142,0.0011290000000000466,0.773475,128700.0
0.901373,Typical,1.8,20.0,0.01,0.001,325302.0,90.06767421811286,-0.06335806859999962,116.2580724,0.023363697599999997,0.0011390000000000011,0.771483,128700.0
0.901747,Typical,1.8,21.0,0.01,0.001,325302.0,89.8065841922586,-0.06481481939999988,115.97805539999999,0.023360509800002243,0.0011419999999999764,0.7695,128700.0
0.902123,Typical,1.8,22.0,0.01,0.001,325302.0,89.53767697427021,-0.06633582479999994,115.6981374,0.023390220599999897,0.0011360000000000259,0.767525,128700.0
0.902505,Typical,1.8,23.0,0.01,0.001,325302.0,89.25433687130824,-0.06801183900000024,115.41093479999999,0.023337323999999753,0.0011379999999999724,0.765558,128700.0
0.902887,Typical,1.8,24.0,0.01,0.001,325302.0,88.9916552090004,-0.0695679731999993,115.1217288,0.023397685199999328,0.0011360000000000259,0.7636,128700.0
0.903264,Typical,1.8,25.0,0.01,0.001,325302.0,88.69280930329424,-0.07128647820000031,114.8271498,0.023435339400000074,0.0011370000000000546,0.761648,128700.0
0.903651,Typical,1.8,26.0,0.01,0.001,325302.0,87.7732859691749,-0.07296860340000011,114.5310804,0.02343751559999805,0.0011259999999999604,0.759704,128700.0
0.90403,Typical,1.8,27.0,0.01,0.001,325302.0,88.14123510584699,-0.07477159140000032,114.229089,0.02343324959999994,0.0011259999999999604,0.757766,128700.0
0.904414,Typical,1.8,28.0,0.01,0.001,325302.0,87.86494522356851,-0.07653116340000007,113.9230206,0.023486630400000277,0.0011260000000000714,0.755835,128700.0
0.904794,Typical,1.8,29.0,0.01,0.001,325302.0,87.55723226136648,-0.07833703499999974,113.6122524,0.023437835999999945,0.0011260000000000714,0.75391,128700.0
0.905184,Typical,1.8,30.0,0.01,0.001,325302.0,87.288616282535,-0.08016942239999975,113.2991784,0.023458860000000605,0.0011170000000000346,0.751991,128700.0
0.905566,Typical,1.8,31.0,0.01,0.001,325302.0,86.99272635484898,-0.08201644020000033,112.98003804,0.023501636999999968,0.0011210000000000386,0.750076,128700.0
0.905956,Typical,1.8,32.0,0.01,0.001,325302.0,86.699243792321,-0.08387941680000013,112.65806736,0.023527211400000896,0.0011150000000000881,0.748168,128700.0
0.906351,Typical,1.8,33.0,0.01,0.001,325302.0,86.38749027491346,-0.0857595582000001,112.33257137999999,0.023594463000000614,0.0011079999999999979,0.746264,128700.0
0.906739,Typical,1.8,34.0,0.01,0.001,325302.0,86.04232915317566,-0.08768064959999938,112.00153409999999,0.023586146999999915,0.0011019999999999364,0.744365,128700.0
0.907126,Typical,1.8,35.0,0.01,0.001,324302.0,85.4730105412022,-0.08923318740000007,111.66479946,0.0235716660000001,0.0011029999999999651,0.74247,128700.0
0.907521,Typical,1.8,36.0,0.01,0.001,299302.0,85.09340955039549,-0.09118025820000042,111.32672886,0.023600059200000002,0.0010930000000000106,0.74058,128700.0
0.907917,Typical,1.8,37.0,0.01,0.001,299302.0,84.79441909328136,-0.09311219999999981,110.98358028000001,0.02362978799999926,0.001088000000000089,0.738694,128700.0
0.908312,Typical,1.8,38.0,0.01,0.001,299302.0,84.43441913736318,-0.8753040395999979,110.63617344000001,0.023687497800002285,0.001080000000000081,0.736811,128700.0
0.908711,Typical,1.8,39.0,0.01,0.001,299302.0,84.12471880824884,-0.9435664583999999,110.28408497999999,0.023675248799999306,0.001072000000000073,0.734933,128700.0
0.909103,Typical,1.8,40.0,0.01,0.001,299302.0,83.81933086066181,-0.9653447303999998,109.92764491200002,0.023667944399999984,0.0010669999999999291,0.733058,128700.0
0.909498,Typical,1.8,41.0,0.01,0.001,365302.0,82.88714315683458,-0.9791945639999998,109.566594711,0.023737571999999946,0.0010609999999999786,0.731186,128700.0
0.9099,Typical,1.8,42.0,0.01,0.001,299402.0,83.19151456070512,-0.9902158379999999,109.42820820000001,0.023748308999999915,0.0010590000000000321,0.729318,128700.0
0.910302,Typical,1.8,43.0,0.01,0.001,299402.0,82.90395706582778,-0.9999191268000004,109.10259558,0.023743344600000008,0.0010419999999999874,0.727452,128700.0
0.910701,Typical,1.8,44.0,0.01,0.001,299402.0,82.59820457841495,-1.0088279369999993,108.95783058,0.023817630600002197,0.0010390000000000121,0.72559,128700.0
0.911106,Typical,1.8,45.0,0.01,0.001,299402.0,81.31904767253039,-1.0173298824000003,108.70102134000001,0.02382921360000008,0.0010299999999999754,0.72373,128700.0
0.911511,Typical,1.8,46.0,0.01,0.001,299402.0,81.98884104345082,-1.0254955175999998,108.4408092,0.02387248379999945,0.0010219999999999674,0.721874,128700.0
0.911921,Typical,1.8,47.0,0.01,0.001,299402.0,81.68840402887007,-1.0333953665999998,108.17112546,0.02396012940000003,0.0010090000000000376,0.720019,128700.0
0.912324,Typical,1.8,48.0,0.01,0.001,299402.0,81.37924131882903,-1.0417431870000002,107.87928642000001,0.02397856140000051,0.0010020000000000584,0.718167,128700.0
0.912729,Typical,1.8,49.0,0.01,0.001,299402.0,81.05853005106036,-1.0497162024000002,107.58596058,0.02398822200000006,0.0009949999999999681,0.716318,128700.0
0.913136,Typical,1.8,50.0,0.01,0.001,299402.0,79.80031226199094,-1.0574101674,107.28764658,0.024007815000000182,0.0009860000000000424,0.71447,128700.0
0.913548,Typical,1.8,51.0,0.01,0.001,304402.0,80.47212955725068,-1.0648449269999998,106.98272046000002,0.02410367400000026,0.0009789999999999521,0.712625,128700.0
0.913959,Typical,1.8,52.0,0.01,0.001,299402.0,80.38432778837839,-1.0721780496000002,106.67646108000001,0.024150261599999664,0.0009669999999999401,0.710781,128700.0
0.914375,Typical,1.8,53.0,0.01,0.001,299402.0,80.0882440820622,-1.0793249352,106.36779996000001,0.024221437200000185,0.0009550000000000392,0.70894,128700.0
0.91479,Typical,1.8,54.0,0.01,0.001,299402.0,79.78473616526712,-1.0864145988000005,106.0569036,0.024251515199999622,0.0009390000000000231,0.7071,128700.0
0.915208,Typical,1.8,55.0,0.01,0.001,299402.0,78.57966690982208,-1.0933692282,105.74048286000001,0.02431273500000013,0.0009330000000000727,0.705262,128700.0
0.915626,Typical,1.8,56.0,0.01,0.001,299402.0,79.1860862103447,-1.1002411277999997,105.42264642,0.02437098660000002,0.0009169999999999456,0.703426,128700.0
0.916041,Typical,1.8,57.0,0.01,0.001,299402.0,78.86953076855139,-1.1175658722000004,105.2704026,0.024430172400000102,0.0009109999999999951,0.701591,128700.0
0.916464,Typical,1.8,58.0,0.01,0.001,299402.0,78.56353457890086,-1.1251520874000003,104.90495598,0.024517722599999816,0.0008949999999999791,0.699758,128700.0
0.916882,Typical,1.8,59.0,0.01,0.001,299402.0,78.26117084008268,-1.1327257656000007,104.53675032,0.024595221599999485,0.0008859999999999424,0.697926,128700.0
0.917309,Typical,1.8,60.0,0.01,0.001,299402.0,77.09872873963877,-1.1399282135999993,104.1693534,0.024633829799999236,0.0008690000000000087,0.696095,128700.0
0.917733,Typical,1.8,61.0,0.01,0.001,299402.0,77.6565922571458,-1.1469898710000002,103.79876399999999,0.024694203599999937,0.0008580000000000254,0.694266,128700.0
0.918154,Typical,1.8,62.0,0.01,0.001,299402.0,77.31288942336654,-1.1538966797999999,103.42674720000001,0.024763989599999946,0.0008440000000000669,0.692438,128700.0
0.918583,Typical,1.8,63.0,0.01,0.001,299302.0,76.2071149772918,-1.1606331725999999,102.89340539999999,0.024940119599999876,0.0008289999999999687,0.690611,128700.0
0.91901,Typical,1.8,64.0,0.01,0.001,302402.0,76.68264147026171,-1.1673488034000004,102.5510076,0.024980065199999957,0.0008190000000000142,0.688785,128700.0
0.919443,Typical,1.8,65.0,0.01,0.001,304402.0,75.5242075837552,-1.1739474576,102.18488219999999,0.02502969839999997,0.0007979999999999654,0.68696,128700.0
0.919872,Typical,1.8,66.0,0.01,0.001,306302.0,76.12418992657084,-1.1803904909999998,101.814786,0.02517322500000009,0.0007850000000000357,0.685136,128700.0
0.920302,Typical,1.8,67.0,0.01,0.001,272302.0,75.85352879485748,-1.1867702777999996,101.44409040000001,0.02524233779999936,0.0007769999999999166,0.683313,128700.0
0.920743,Typical,1.8,68.0,0.01,0.001,272302.0,74.93279477353781,-1.1930427684000002,101.07758700000001,0.025399567799998798,0.0007529999999998926,0.681491,128700.0
0.921178,Typical,1.8,69.0,0.01,0.001,272302.0,75.27279501524333,-1.1992575744,100.70783639999999,0.025432808400000045,0.0007390000000000452,0.679669,128700.0
0.921614,Typical,1.8,70.0,0.01,0.001,272302.0,74.26136925242974,-1.2053558682,100.33765379999998,0.025536045599999967,0.0007249999999999757,0.677848,128700.0
1.07123,Typical,1.8,71.0,0.011,0.006,400000.0,79.79104750000562,-1.3215290346000008,105.691311,0.025607633399999406,0.004350999999999994,0.674482,57198.0
1.0717,Typical,1.8,72.0,0.011,0.006,400000.0,79.51670052533014,-1.3271385672,105.34758119999998,0.02573374320000039,0.0042800000000000615,0.672696,57198.0
1.07216,Typical,1.8,73.0,0.011,0.006,400000.0,79.21824346339845,-1.3325860458000012,104.87624220000002,0.025917681599999444,0.004217999999999944,0.670911,57198.0
1.07278,Typical,1.8,74.0,0.011,0.006,400000.0,78.9065301967535,0.026008155000000078,102.9976902,0.02604067740000008,0.004711000000000021,0.670014,55098.0
1.07325,Typical,1.8,75.0,0.011,0.006,400000.0,78.6100348212108,0.02615587739999996,101.41529940000001,0.026190354599999962,0.004646999999999957,0.668227,55098.0
1.07372,Typical,1.8,76.0,0.011,0.006,400000.0,78.34721721537682,0.026255064599999874,102.33176039999998,0.026290461599999877,0.004576999999999942,0.66644,55098.0
1.07491,Typical,1.8,77.0,0.011,0.006,400000.0,78.06659452520964,0.026449538399999896,101.9985768,0.026486587799999895,0.0039319999999999355,1.16224,52098.0
1.04813,Typical,1.8,78.0,0.011,0.005,384902.0,77.58941386972899,0.026575801199999943,99.3951,0.02661517259999995,0.007655999999999996,0.662624,62000.0
1.04864,Typical,1.8,79.0,0.011,0.005,384902.0,77.31285986824537,0.02679455520000002,99.09235620000001,0.026835480000000023,0.007564999999999933,0.660838,62000.0
1.04915,Typical,1.8,80.0,0.011,0.005,384902.0,77.00340394308616,0.026941393799999932,98.7898446,0.02698340579999993,0.007479000000000013,0.659053,62000.0
1.04967,Typical,1.8,81.0,0.011,0.005,384902.0,76.75755604994303,0.027110901600000018,98.49005640000001,0.027154989000000015,0.007382,0.657268,62000.0
1.0502,Typical,1.8,82.0,0.011,0.005,384902.0,76.46317918015855,0.027339429600001134,98.18868420000001,0.027386373600001134,0.007291999999999965,0.655483,62000.0
1.05071,Typical,1.8,83.0,0.011,0.005,384902.0,76.19649340722823,0.027503559000000007,97.88960519999999,0.027551113200000005,0.0072029999999999594,0.653699,62000.0
1.05124,Typical,1.8,84.0,0.011,0.005,384902.0,75.91352802333459,0.027690476400000018,97.59244319999999,0.02773945260000002,0.0071109999999999784,0.651915,62000.0
1.05177,Typical,1.8,85.0,0.011,0.005,384902.0,75.658593139285,0.02795748120000001,97.29708120000001,0.028008165600000013,0.0070149999999999935,0.650131,62000.0
1.05229,Typical,1.8,86.0,0.011,0.005,384902.0,75.36527207174497,0.02813747760000007,96.9999336,0.02818971900000007,0.006928000000000045,0.648348,62000.0
1.05282,Typical,1.8,87.0,0.011,0.005,384902.0,75.09656513036006,0.028343579399999926,96.69040560000002,0.02839764599999993,0.006834000000000007,0.646564,62000.0
1.05335,Typical,1.8,88.0,0.011,0.005,384902.0,74.84900909723487,0.028558830600001146,96.3831762,0.028614618000001143,0.006735999999999964,0.644781,62000.0
1.05388,Typical,1.8,89.0,0.011,0.005,384902.0,74.56866903620661,0.02879978040000001,96.11586000000001,0.02885655240000001,0.006647999999999987,0.642998,62000.0
1.05442,Typical,1.8,90.0,0.011,0.005,384902.0,74.3073686091624,0.029087173799999966,96.13265220000001,0.029144638799999966,0.006556000000000006,0.641215,62000.0
1.05496,Typical,1.8,91.0,0.011,0.005,384902.0,74.05787128135047,0.02939027039999996,96.4518876,0.02944932659999996,0.006457999999999964,0.639432,62000.0
1.06426,Typical,1.8,92.0,0.011,0.005,384702.0,73.81139664197921,-0.2255445377999993,96.39766080000001,0.029705891400000555,0.005804000000000031,0.638733,61900.0
1.06478,Typical,1.8,93.0,0.011,0.005,384702.0,73.54318595862118,-0.22656906900000004,96.24589020000002,0.02997633600000026,0.005723000000000034,0.636945,61900.0
1.06531,Typical,1.8,94.0,0.011,0.005,384702.0,73.27141858786266,-0.22747134239999978,96.07528980000001,0.030278869200000124,0.005635999999999974,0.635157,61900.0
1.06584,Typical,1.8,95.0,0.011,0.005,385802.0,72.99037365360944,0.03054667679999994,96.3907164,0.03061038419999994,0.005550999999999973,0.63337,61900.0
1.0467,Typical,1.8,96.0,0.011,0.004,365902.0,70.155237105924,0.03082573800000001,96.1340958,0.030893680800000066,0.0066910000000000025,0.629485,62000.0
1.04725,Typical,1.8,97.0,0.011,0.004,365902.0,69.87005729166971,0.031202123399998852,95.9534874,0.03127004999999882,0.0065989999999999105,0.627704,62000.0
1.0478,Typical,1.8,98.0,0.011,0.004,365902.0,69.63266366887025,0.0315668556,96.02799299999998,0.03163429799999997,0.006504000000000065,0.625924,62000.0
1.06797,Typical,1.8,99.0,0.011,0.005,384702.0,71.97302320785487,-0.23166682740000066,96.1432956,0.03194736839999998,0.005220000000000002,0.62622,61900.0
1.06851,Typical,1.8,100.0,0.011,0.005,384702.0,71.70702890900994,-0.23239047599999996,96.08781780000001,0.032379067799999973,0.005133999999999972,0.624432,61900.0
1.06905,Typical,1.8,101.0,0.011,0.005,384702.0,71.45506036068603,-0.23314441860000007,96.10412580000002,0.032751955799999996,0.005055000000000032,0.622645,61900.0
1.06958,Typical,1.8,102.0,0.011,0.005,384702.0,71.19745223780869,-0.233803341,96.113763,0.03317417280000018,0.0049719999999999764,0.620857,61900.0
1.07012,Typical,1.8,103.0,0.011,0.005,384702.0,70.92678371599169,-0.23447918520000002,95.83259579999999,0.03357673019999993,0.004894999999999983,0.619069,61900.0
1.07067,Typical,1.8,104.0,0.011,0.005,384702.0,70.68462102360229,-0.23507108099999993,95.77510380000001,0.03402053279999945,0.004813000000000067,0.617281,61900.0
1.07122,Typical,1.8,105.0,0.011,0.005,384702.0,70.43774973027932,-0.23563992599999967,95.64262919999999,0.03446402760000027,0.004732999999999987,0.615492,61900.0
1.07177,Typical,1.8,106.0,0.011,0.005,384702.0,70.18865155882123,-0.23613901740000054,95.73702120000002,0.0349683569999997,0.0046519999999999895,0.613704,61900.0
1.07233,Typical,1.8,107.0,0.011,0.005,384702.0,69.93475851289018,-0.23665372740000024,95.5050534,0.035419559400000085,0.004573000000000049,0.611915,61900.0
1.07288,Typical,1.8,108.0,0.011,0.005,384702.0,69.6908552997846,-0.23686599959999938,95.4929394,0.0359938908000006,0.004493999999999998,0.610126,61900.0
1.07343,Typical,1.8,109.0,0.011,0.005,384702.0,69.44050407261297,-0.23727728879999926,95.29255619999999,0.03650943600000049,0.004414999999999947,0.608337,61900.0
