Output voltage (V),Process corner,Voltage supply (V),Temperature (°C),Coarse code,Fine code,Timestamp (ns),Mean active power (uW),Minimum active power (uW),Maximum active power (uW),Sleep power (uW),Error voltage (V),Feed voltage (V),Start-up time (ns),monte carlo run
0.945475,ttmm,1.8,-40.0,0.011,0.004,600000.0,103.04306536276663,0.01967818194000003,145.0163538,0.023053059,0.0007859999999999534,1.12789,58295.0,0
0.967888,ttmm,1.8,-40.0,0.009,0.008,535205.0,102.08200321637682,-0.35242966008,133.6307706,0.023107177799999934,-0.007167999999999952,1.10218,62803.0,1
0.927322,ttmm,1.8,-40.0,0.011,0.004,600000.0,103.26901229640441,0.02307389039999991,143.8235946,0.02308730579999998,0.0023600000000000287,1.10637,58895.0,2
0.826267,ttmm,1.8,-40.0,0.012,0.005,540505.0,101.64703407043875,0.010547673299998794,137.4866244,0.023045633999998857,0.015346000000000082,1.02738,61903.0,3
0.867256,ttmm,1.8,-40.0,0.012,0.004,600000.0,104.72036584341447,0.0047077045200005765,140.7410784,0.023044053599999455,0.010004000000000013,1.04128,54895.0,4
0.840934,ttmm,1.8,-40.0,0.012,0.005,540505.0,105.90522982830717,-0.3803491011599999,141.5826144,0.023047468199999487,0.011964000000000086,1.07614,61903.0,5
0.867942,ttmm,1.8,-40.0,0.011,0.006,556302.0,103.56732751779374,0.023026712400000066,144.45548100000002,0.023039150400002262,0.016368999999999967,1.11889,61897.00000000006,6
0.989568,ttmm,1.8,-40.0,0.01,0.009,564405.0,96.86494402679591,-0.1517074736400005,128.7190206,0.023109857999995483,-0.00754100000000002,1.12191,62700.00000000006,7
0.868387,ttmm,1.8,-40.0,0.011,0.004,600000.0,99.80216265475838,0.023033138400000014,140.4465624,0.023044780799999953,0.007542999999999966,1.06425,57298.0,8
0.882402,ttmm,1.8,-40.0,0.012,0.004,600000.0,103.00448959223243,0.013775021712002145,139.6718514,0.023049451800002268,0.007081000000000004,1.12511,53895.0,9
0.896778,ttmm,1.8,-40.0,0.013,0.003,593305.0,105.1870566886085,0.008243915486399935,136.0505124,0.023055501600000028,0.004517000000000104,1.09705,61800.0,10
0.895121,ttmm,1.8,-40.0,0.013,0.006,564702.0,108.03168127360844,-0.5513815224000005,141.296085,0.023033977200000524,0.009358000000000088,1.0554,61896.99999999994,11
0.928385,ttmm,1.8,-40.0,0.012,0.004,600000.0,109.08264194403593,0.023037654600000027,144.2662866,0.023049635399997662,0.0012569999999999526,1.20852,51898.0,12
0.875712,ttmm,1.8,-40.0,0.011,0.005,535305.0,101.05518424049897,0.02304260639999995,142.24267079999998,0.02305328760000231,0.011716999999999977,1.0794,61903.0,13
0.896622,ttmm,1.8,-40.0,0.011,0.004,600000.0,100.57731868482378,0.023038343999999933,141.300378,0.02305152539999773,0.006036000000000041,1.11831,58295.0,14
0.834497,ttmm,1.8,-40.0,0.011,0.004,600000.0,96.5798367805874,0.023037348600000028,136.7405424,0.023050537200004537,0.01161000000000001,1.05345,58295.0,15
0.86705,ttmm,1.8,-40.0,0.011,0.006,556302.0,99.10692761927523,-0.45411167681999776,139.67856179999998,0.02304254700000221,0.01706199999999991,1.04792,61897.00000000006,16
0.868612,ttmm,1.8,-40.0,0.012,0.004,522505.00000000006,105.26572134439994,-0.5057377595999996,138.2116554,0.023047356599999968,0.009461000000000053,1.08661,61903.00000000006,17
0.901703,ttmm,1.8,-40.0,0.012,0.006,560502.0,106.51977080759679,0.016552511099999383,143.4430944,0.023052729600000023,0.010182000000000024,1.1058,61897.00000000006,18
1.00976,ttmm,1.8,-40.0,0.009,0.007,558002.0,105.64953265786755,-0.41692021524,139.9373766,0.023115542400000022,-0.012904000000000027,1.13892,62697.0,19
,ttmm,1.8,-40.0,,,,103.68086961917885,44.02275624000001,118.170486,,,,,20
0.89313,ttmm,1.8,-40.0,0.011,0.004,600000.0,100.35698871181883,0.023037733799999988,141.2466822,0.023049592200000028,0.00390299999999999,1.07834,58295.0,21
0.920653,ttmm,1.8,-40.0,0.011,0.004,600000.0,99.49525778963262,0.02021205779999986,140.90462100000002,0.023054716800000076,0.0028930000000000344,1.05619,58295.0,22
,ttmm,1.8,-40.0,,,,112.836358228952,45.41272326,127.0983222,,,,,23
0.851847,ttmm,1.8,-40.0,0.011,0.005,535105.0,101.83915645369072,0.01850577894000058,142.9973856,0.023049154800000627,0.01506200000000002,1.01625,61903.0,24
,ttmm,1.8,-40.0,,,,115.40170505470721,45.5819985,129.14917020000001,,,,,25
0.885921,ttmm,1.8,-40.0,0.011,0.004,600000.0,101.90077529148101,0.0230302278,143.09707500000002,0.023042005199999965,0.00638800000000006,1.09151,58295.0,26
0.893096,ttmm,1.8,-40.0,0.011,0.004,600000.0,103.15453521589043,-0.44712013499999775,143.6540904,0.023043736800002202,0.0064950000000000285,1.08484,57298.0,27
0.988377,ttmm,1.8,-40.0,0.01,0.008,535402.0,98.04847204048936,-0.08311419594,131.4552636,0.023101363799998862,-0.010259999999999936,1.10589,62700.0,28
0.901451,ttmm,1.8,-40.0,0.013,0.004,524502.0,109.45799897325045,0.0036775009800000817,142.1324946,0.023046800399999998,0.005927000000000016,1.06009,61800.0,29
0.957891,ttmm,1.8,0.0,0.011,0.004,600000.0,95.81814924244387,-0.8422476101999977,133.6330584,0.0232071552000024,0.00018099999999998673,0.83501,58295.0,0
0.93213,ttmm,1.8,0.0,0.01,0.001,542702.0,100.26028266006902,-0.005888345759999847,129.9450888,0.023238453599999865,0.0008820000000000494,0.824145,69600.0,1
0.945562,ttmm,1.8,0.0,0.011,0.004,596805.0,95.23539057707202,-0.8326205981999999,131.981526,0.023263358399997734,0.0032039999999999846,0.839037,61700.0,2
0.821183,ttmm,1.8,0.0,0.011,0.007,576905.0,89.5055883539859,-0.05954947380000001,124.58495340000002,0.023245005599999997,0.019386999999999932,0.803555,62000.00000000006,3
0.892836,ttmm,1.8,0.0,0.012,0.004,600000.0,97.52560072113836,-0.9341231903999992,130.4826372,0.023186700000000546,0.00755399999999995,0.814577,53895.0,4
0.876045,ttmm,1.8,0.0,0.012,0.004,600000.0,98.59836361242861,-0.800867980799997,127.1927124,0.023222811600003425,0.010940999999999979,0.828972,54495.0,5
0.872916,ttmm,1.8,0.0,0.011,0.005,542302.0,94.7256696960722,-0.8493237972000002,130.282353,0.02318357879999991,0.013626999999999945,0.818627,61900.0,6
1.00281,ttmm,1.8,0.0,0.011,0.004,514704.99999999994,91.24751453431925,-0.8892348984,129.191544,0.023266222199999853,-0.0028599999999999737,0.832906,62702.99999999994,7
0.878042,ttmm,1.8,0.0,0.011,0.005,536305.0,92.34778278632552,-0.7598795346,127.8522162,0.02318264100000037,0.009026999999999896,0.815854,61903.0,8
0.874482,ttmm,1.8,0.0,0.012,0.005,540505.0,95.64544716215926,-0.9026447147999993,127.43768160000002,0.02319004079999984,0.010525000000000007,0.831093,61903.0,9
0.884764,ttmm,1.8,0.0,0.012,0.007,580905.0,96.63364105041686,-0.25839032615999996,126.44248139999999,0.023453465399999995,0.010213999999999945,0.821412,62000.00000000006,10
0.903284,ttmm,1.8,0.0,0.013,0.005,544705.0,99.51185171963525,-0.04965541199999994,128.220651,0.023176420199999416,0.007066000000000017,0.814562,61903.0,11
0.923064,ttmm,1.8,0.0,0.012,0.003,590905.0,101.38011333911943,-0.8452032804000003,130.1775606,0.023221719000005088,0.0021849999999999925,0.826198,61803.0,12
0.878912,ttmm,1.8,0.0,0.011,0.005,536305.0,92.82439709049889,-0.8238307553999992,128.5233426,0.023193009000000226,0.011715000000000031,0.82197,61903.0,13
0.88639,ttmm,1.8,0.0,0.011,0.005,535305.0,92.730176212064,-0.024784857000000146,129.8357892,0.023214914999999885,0.009767999999999999,0.826082,61903.0,14
0.863164,ttmm,1.8,0.0,0.011,0.004,600000.0,89.98697314417544,-0.843053079599997,125.71993979999999,0.023206093200002928,0.009603000000000028,0.811947,58295.0,15
0.916904,ttmm,1.8,0.0,0.012,0.004,600000.0,97.41297443359275,-0.016045904159999763,129.224709,0.023198101200000057,0.006033000000000066,0.816107,53895.0,16
0.897366,ttmm,1.8,0.0,0.012,0.006,560502.0,97.55404330377907,-0.021443448600002375,129.3969402,0.023185358999997643,0.008956999999999993,0.830266,61897.00000000006,17
0.916239,ttmm,1.8,0.0,0.012,0.004,562505.0,98.73336895031251,-0.865980702,128.788218,0.023197312799998343,0.005360000000000031,0.830189,61903.00000000006,18
1.00621,ttmm,1.8,0.0,0.009,0.007,558305.0,100.08354202745579,-0.01187137134000248,128.01089340000001,0.023279740199997696,-0.004800999999999944,0.846705,62799.99999999994,19
,ttmm,1.8,0.0,,,,95.81506596877408,44.96984874,110.9635956,,,,,20
0.908388,ttmm,1.8,0.0,0.011,0.004,600000.0,93.74090936898104,0.00519435666000084,129.98253960000002,0.02319280740000121,0.003610000000000002,0.817919,58295.0,21
0.910159,ttmm,1.8,0.0,0.011,0.004,600000.0,92.69386691433407,-0.8048510424000008,126.39755699999999,0.023197753799999474,0.007340000000000013,0.81915,57698.0,22
,ttmm,1.8,0.0,,,,104.43026144851176,45.8968491,119.9197494,,,,,23
0.868176,ttmm,1.8,0.0,0.011,0.005,535305.0,93.71433912467509,-0.8027343792,129.6448218,0.0232010675999998,0.013091999999999993,0.808988,61903.0,24
,ttmm,1.8,0.0,,,,105.30917797849499,45.875035440000005,119.9328372,,,,,25
0.897006,ttmm,1.8,0.0,0.011,0.004,600000.0,93.84526166379565,-0.8061915941999971,129.83945580000002,0.023189792400002317,0.0061430000000000096,0.817675,58295.0,26
0.926559,ttmm,1.8,0.0,0.011,0.005,535205.0,95.72366553922247,-0.022735952999998234,132.2845992,0.023190982200001833,0.005139000000000005,0.829024,61803.0,27
0.963396,ttmm,1.8,0.0,0.011,0.003,556102.0,92.64199213504293,-0.8298949248,131.0791896,0.023284409400000032,-0.0014459999999999473,0.830063,61697.00000000006,28
0.899569,ttmm,1.8,0.0,0.013,0.004,524702.0,101.81312265862252,-0.0769233708000007,127.2648798,0.02318428799999932,0.00675199999999998,0.814276,61900.0,29
0.984631,ttmm,1.8,40.0,0.011,0.004,600000.0,84.3427206767935,-0.10529931959999721,121.07365290000001,0.023794023600002333,-0.002619000000000038,0.746338,58798.0,0
0.933927,ttmm,1.8,40.0,0.01,0.001,499305.0,91.5501692828468,-0.06041332980000046,116.02798506,0.023774171399999888,0.0006479999999999819,0.738673,129703.0,1
0.938283,ttmm,1.8,40.0,0.011,0.002,576505.0,84.75984658499766,-0.09876599820000091,116.9880138,0.023621932799997546,0.0010939999999999284,0.742435,61600.00000000006,2
0.827225,ttmm,1.8,40.0,0.011,0.004,600000.0,77.16018916700786,-0.10453458600000197,107.87193072,0.023673526199997713,0.01696299999999995,0.727508,56698.0,3
0.91928,ttmm,1.8,40.0,0.012,0.004,600000.0,86.64251242163799,-0.1386195677999999,118.37728782,0.023661774000000295,0.0041200000000000125,0.735705,53895.0,4
0.878793,ttmm,1.8,40.0,0.011,0.007,576905.0,83.51099835540047,0.024054418800000043,116.28257058,0.024120653400000008,0.010801999999999978,0.73595,62000.00000000006,5
0.886228,ttmm,1.8,40.0,0.011,0.004,600000.0,83.1091146970501,-0.10126634399999977,114.11321256,0.023591397600000178,0.01225199999999993,0.737733,56698.0,6
1.01956,ttmm,1.8,40.0,0.011,0.004,600000.0,83.43638081543374,-0.10927232820000037,118.55071386,0.023615744399999826,-0.007665999999999951,0.743518,58895.0,7
0.898952,ttmm,1.8,40.0,0.011,0.006,556302.0,81.7226062364864,-0.08651860019999992,115.8585714,0.023530125600000104,0.007289999999999908,0.736103,61897.00000000006,8
0.882301,ttmm,1.8,40.0,0.012,0.007,581705.0,86.25711964478712,0.023598905400000047,113.16453102000001,0.02419015499999994,0.004133000000000053,0.735225,62200.00000000006,9
0.903084,ttmm,1.8,40.0,0.012,0.006,560902.0,85.21707101009767,-0.12465531108000003,115.03027494,0.023818771800000006,0.006207999999999991,0.736894,62000.00000000006,10
0.925865,ttmm,1.8,40.0,0.013,0.005,544705.0,87.86751005775265,-1.449560457000001,115.89448698,0.023582849400000206,0.003801999999999972,0.736123,61903.0,11
0.924925,ttmm,1.8,40.0,0.011,0.007,576705.0,85.87857980198588,-0.08731190879999957,122.8339638,0.0240947154,0.006839999999999957,0.743172,61903.00000000006,12
0.899317,ttmm,1.8,40.0,0.011,0.006,556702.0,81.56141511120939,-0.0846691002,115.86622554000002,0.02355987059999773,0.009417000000000009,0.737906,61897.00000000006,13
0.891234,ttmm,1.8,40.0,0.011,0.006,556302.0,81.35068689865011,-1.1028026916,115.38174654000002,0.02395620720000231,0.009977000000000014,0.737877,61897.00000000006,14
0.901312,ttmm,1.8,40.0,0.011,0.004,596805.0,79.04130952158378,-0.10181832300000018,111.68430660000001,0.023870305800001764,0.006648000000000098,0.737036,61700.0,15
0.915414,ttmm,1.8,40.0,0.012,0.004,600000.0,86.51970298779091,-1.2422457467999999,113.69593872,0.023776651799999902,0.009379000000000026,0.740545,54495.0,16
0.902491,ttmm,1.8,40.0,0.012,0.007,585905.0,87.69410366087112,0.02356471619999995,116.8797024,0.023575663800000028,0.007337000000000038,0.738906,62000.00000000006,17
0.910623,ttmm,1.8,40.0,0.011,0.007,577505.0,85.1224443820585,-0.08537003713800001,117.45377712,0.0237118734,0.005099000000000076,0.737939,62099.99999999994,18
1.01699,ttmm,1.8,40.0,0.009,0.007,558202.0,90.63466782038562,-0.055606705199999655,115.94473974,0.02380691880000014,-0.010951000000000044,0.749748,62696.99999999994,19
,ttmm,1.8,40.0,,,,84.58148646263513,47.12436054,100.55226420000001,,,,,20
0.926139,ttmm,1.8,40.0,0.011,0.004,600000.0,83.40964430804726,-1.0092424824000004,118.45808874000001,0.02360130660000013,0.001414999999999944,0.736992,57298.0,21
0.911987,ttmm,1.8,40.0,0.011,0.004,600000.0,82.08094020226446,-0.09698512319999743,113.59281366,0.02363924700000247,0.006576999999999944,0.736851,56698.0,22
0.882247,ttmm,1.8,40.0,0.013,0.005,544705.0,88.60089069684214,-0.15188056740000044,115.79180382,0.023552821800000262,0.007319999999999993,0.734006,61903.0,23
0.87163,ttmm,1.8,40.0,0.011,0.004,600000.0,82.07917960436538,-0.10154672820000038,112.94914553999999,0.023776144199999707,0.013853000000000004,0.733581,56698.0,24
,ttmm,1.8,40.0,,,,91.92735476170566,47.9837457,108.7257438,,,,,25
0.910382,ttmm,1.8,40.0,0.011,0.004,600000.0,82.67116993465469,-0.09452640419999973,117.56414988,0.023677630200000802,0.004257999999999984,0.735406,57298.0,26
0.916787,ttmm,1.8,40.0,0.011,0.004,600000.0,84.12790963991935,-0.08826202800000019,115.9632432,0.023672271600000027,0.006169000000000091,0.741659,56698.0,27
0.956549,ttmm,1.8,40.0,0.011,0.004,600000.0,83.83947244405587,-0.10836451980000049,119.57717537999999,0.023992432199997967,0.00017599999999995397,0.742252,62395.0,28
0.920671,ttmm,1.8,40.0,0.013,0.005,544705.0,90.10311345200091,-1.4488545196800005,117.63414689400001,0.023562165599999952,0.004915000000000003,0.735952,61903.0,29
0.956471,ttmm,1.8,80.0,0.011,0.001,397702.0,83.71974296756662,48.55768380000001,104.67996839999999,,-0.0017169999999999686,0.667245,,0
0.964636,ttmm,1.8,80.0,0.009,0.009,600000.0,75.99492379561754,0.02763596519999998,108.16033824,0.02764387079999993,-0.0044759999999999245,0.666609,59695.0,1
0.969651,ttmm,1.8,80.0,0.01,0.007,552902.0,72.71029184949451,-1.0645630704000002,105.61613832,0.025575874199997815,-0.0005799999999999139,0.670172,62800.00000000006,2
0.857014,ttmm,1.8,80.0,0.011,0.003,574405.0,66.86851484681435,-1.2538838430000028,99.04316940000001,0.02705592599999719,0.010370000000000101,0.655256,61700.0,3
0.876524,ttmm,1.8,80.0,0.011,0.006,556902.0,69.79176245322483,0.02690853120000005,101.49155100000002,0.026954055000000022,0.009593999999999991,0.657563,61997.0,4
0.898853,ttmm,1.8,80.0,0.011,0.005,542702.0,71.29041903863832,-1.1474072244000002,102.49810560000002,0.029691178199999953,0.00568499999999994,0.662154,61900.0,5
0.918414,ttmm,1.8,80.0,0.011,0.004,600000.0,72.12266364729382,-1.234950894,104.8475178,0.02647005300000335,0.005342999999999987,0.661509,57298.0,6
0.977741,ttmm,1.8,80.0,0.011,0.001,468902.0,80.10016090101482,-1.2615302321999997,106.0518816,0.026116392600000177,-0.003567000000000098,0.666993,127600.0,7
0.89244,ttmm,1.8,80.0,0.011,0.005,542902.0,69.9804555183516,0.025977918600001156,100.252899,0.026023993199999977,0.005824999999999969,0.659726,62000.0,8
0.92854,ttmm,1.8,80.0,0.013,0.004,525605.0,76.6171344438759,-1.5326113354200015,104.13076860000001,0.026641920599999733,0.0019199999999999218,0.666957,61803.0,9
0.929597,ttmm,1.8,80.0,0.012,0.005,540505.0,74.41767428614088,-1.3647113225999998,103.73853600000001,0.02806697160000065,0.0017280000000000628,0.664711,61903.0,10
0.944858,ttmm,1.8,80.0,0.013,0.004,526505.0,75.99493693784584,-1.538610921719999,103.62674159999999,0.026532883800000143,0.0007159999999999389,0.663939,61803.0,11
0.903138,ttmm,1.8,80.0,0.011,0.005,536905.0,72.59230252566608,0.029468388600001096,102.0346146,0.02951628120000225,0.004840999999999984,0.661525,62003.0,12
0.89723,ttmm,1.8,80.0,0.011,0.006,556902.0,70.03578595262773,0.026161218000000007,101.6968482,0.026208118799997765,0.007584999999999953,0.661131,61997.0,13
0.875268,ttmm,1.8,80.0,0.011,0.006,557505.0,69.58984214345088,0.02893169159999882,99.89361234,0.0289790514000023,0.008147999999999933,0.658446,62102.99999999994,14
0.911632,ttmm,1.8,80.0,0.01,0.008,532802.0,69.02104155578024,-1.0669992389999978,101.6525034,0.027995518800002304,0.00037200000000003897,0.661968,62700.0,15
0.927722,ttmm,1.8,80.0,0.012,0.004,600000.0,75.17806378661308,-1.3314136194,100.89016560000002,0.027795459600000082,0.0063429999999999875,0.666068,54495.0,16
0.905127,ttmm,1.8,80.0,0.012,0.007,581305.0,75.36473749444457,0.026361557999999993,103.05501534000001,0.026853384600003496,0.0031119999999998926,0.661688,62103.00000000006,17
0.925802,ttmm,1.8,80.0,0.011,0.004,600000.0,72.42162922521959,0.026808231600001155,102.6327042,0.026856603000003434,0.0026919999999999167,0.663282,56098.0,18
1.01115,ttmm,1.8,80.0,0.009,0.006,574205.0,81.15692260690925,-0.8555492124000004,113.236503426,0.02751038279999983,-0.007197000000000009,0.672954,61703.00000000006,19
,ttmm,1.8,80.0,,,,73.32175168150862,44.198928,91.67761620000002,,,,,20
0.930549,ttmm,1.8,80.0,0.011,0.002,581002.0,72.87487247104899,-1.091025252,103.4843868,0.02727017099999891,-0.0003330000000000277,0.663833,60596.99999999994,21
0.918435,ttmm,1.8,80.0,0.011,0.004,600000.0,70.9100733172488,-1.2518184564000001,101.6142624,0.02680726499999988,0.004999000000000087,0.663082,56698.0,22
0.909877,ttmm,1.8,80.0,0.012,0.009,533205.0,74.9215857593911,-1.3976547209999999,100.29133259999999,0.026320332600000152,0.004085999999999923,0.662954,62003.0,23
0.890018,ttmm,1.8,80.0,0.011,0.004,600000.0,71.06520959056142,-1.2338441298,101.669472,0.027787924799999773,0.010046,0.661326,56698.0,24
0.917164,ttmm,1.8,80.0,0.013,0.008,517204.99999999994,77.49862255493072,0.028007872199999992,100.370205,0.028054821599999995,0.00026799999999993496,0.660942,,25
0.926394,ttmm,1.8,80.0,0.011,0.004,600000.0,71.4870561947015,-1.2094867548000001,104.38252560000001,0.0271426158000024,0.0016009999999999636,0.662434,57298.0,26
0.942971,ttmm,1.8,80.0,0.011,0.004,600000.0,72.88297085957223,-1.202894244,102.88765314,0.027090795600000148,0.001282999999999923,0.667589,56698.0,27
0.952448,ttmm,1.8,80.0,0.011,0.004,600000.0,72.18122944388666,-1.2577455198000005,105.53762340000002,0.02879044380000056,-0.0011720000000000619,0.664438,57298.0,28
0.923373,ttmm,1.8,80.0,0.013,0.004,525702.0,77.74847782193112,-1.5499414623600003,101.0006676,0.026330130000000028,0.0031289999999999374,0.661901,61900.0,29
0.970584,ttmm,1.8,125.0,0.01,0.006,568305.0,63.69667296414406,-1.161174168,102.22909379999999,0.0523734767999999,0.0004849999999999577,0.587603,61802.99999999994,0
0.954472,ttmm,1.8,125.0,0.009,0.007,555502.0,66.59567098765721,-0.9324503909999998,105.03071100000001,0.05104540619999989,6.499999999998174e-05,0.583862,61799.99999999994,1
0.942064,ttmm,1.8,125.0,0.01,0.004,600000.0,64.63849765473493,-1.1075604912000008,100.9046826,0.04038181380000022,-0.0004709999999999992,0.58097,58295.0,2
0.821012,ttmm,1.8,125.0,0.01,0.004,563402.0,58.7269974001657,-1.1088620531999998,93.63175919999999,0.04860820980000014,0.013633000000000006,0.569098,61897.00000000006,3
0.902746,ttmm,1.8,125.0,0.011,0.004,536305.0,60.229028799460835,-1.2803709671999994,111.7843668,0.048054648600002546,0.004998000000000058,0.577971,61903.0,4
0.931359,ttmm,1.8,125.0,0.011,0.004,600000.0,60.81737627796238,-1.1866184766000005,96.69070260000001,0.06257352059999738,0.0001100000000000545,0.581167,57298.0,5
0.905688,ttmm,1.8,125.0,0.01,0.007,551405.0,61.41367690416069,-1.0979734553999985,98.1887724,0.04530038220000109,0.009915000000000007,0.580766,61903.00000000006,6
1.00109,ttmm,1.8,125.0,0.01,0.008,529005.0,63.67571798674352,-1.1554398972000002,102.630393,0.04371781500000218,-0.0038249999999999673,0.587097,62903.0,7
0.906423,ttmm,1.8,125.0,0.011,0.004,600000.0,59.124196220413744,-1.2294545760000002,97.23948480000001,0.043085003399999815,0.004125999999999963,0.579992,56698.0,8
,ttmm,1.8,125.0,,,,68.19184208455674,36.5766174,91.57498740000001,,,,,9
,ttmm,1.8,125.0,,,,69.05537191276156,37.0341018,93.79521000000001,,,,,10
0.91497,ttmm,1.8,125.0,0.012,0.007,581305.0,62.648322759960145,0.04584852000000003,91.17423540000001,0.04620344759999999,0.002798999999999996,0.577992,62103.00000000006,11
0.926942,ttmm,1.8,125.0,0.011,0.004,600000.0,61.47157119161775,-1.2546899982000006,97.87874580000002,0.06068271780000001,0.0018049999999999455,0.5833,56698.0,12
0.894695,ttmm,1.8,125.0,0.011,0.004,600000.0,58.72749644301196,0.04387431780000229,97.63853579999999,0.04407866640000229,0.005674999999999986,0.577114,56098.0,13
0.880682,ttmm,1.8,125.0,0.011,0.006,557505.0,58.5060148450411,0.057955658400002254,94.7545758,0.05815345320000226,0.006368999999999958,0.576242,62102.99999999994,14
0.865881,ttmm,1.8,125.0,0.01,0.003,572705.0,61.53236646298848,-1.0984032251999998,97.5979782,0.053290818000000205,0.007770999999999972,0.574928,60700.00000000006,15
0.904709,ttmm,1.8,125.0,0.011,0.007,578102.0,61.29380930436136,0.052010883,96.75640800000001,0.0520217478,0.0011950000000000571,0.575039,62199.99999999994,16
0.909271,ttmm,1.8,125.0,0.012,0.006,567905.0,62.64965238469503,-0.29082528539999974,93.066876,0.04516732440000114,0.0009470000000000312,0.578804,62103.00000000006,17
0.958978,ttmm,1.8,125.0,0.011,0.003,536705.0,61.986301896411305,-1.2623307101999999,99.01142460000001,0.047647456200000035,-0.002075000000000049,0.584312,61803.0,18
0.959485,ttmm,1.8,125.0,0.009,0.002,507701.99999999994,73.01261898105687,-0.9107912340000003,109.98152280000001,0.05093930520000007,-0.003229999999999955,0.583662,,19
0.839876,ttmm,1.8,125.0,0.013,0.006,564902.0,60.22491303685555,-0.3046108122,88.0304328,0.04926453479999966,0.01108600000000004,0.572053,62000.00000000006,20
0.930652,ttmm,1.8,125.0,0.01,0.007,547702.0,61.27107997526241,0.04491346679999997,99.00500760000001,0.04510961099999999,0.0005830000000000002,0.581592,61800.0,21
,ttmm,1.8,125.0,,,,68.29863989004254,36.244170000000004,98.5562442,,,,,22
0.906508,ttmm,1.8,125.0,0.012,0.005,540402.0,62.12081028207937,-1.4521448934000014,92.3754204,0.04441012919999988,0.0033170000000000144,0.579897,61800.0,23
0.938981,ttmm,1.8,125.0,0.011,0.005,535705.0,60.4907727960261,-1.2643305497999997,89.82459360000001,0.05248427219999999,0.0024399999999999977,0.581559,61803.0,24
0.909972,ttmm,1.8,125.0,0.013,0.006,565005.0,64.6290104374974,0.05230763063999997,91.40241239999999,0.05350910040000002,0.0022919999999999607,0.578327,62103.00000000006,25
0.939312,ttmm,1.8,125.0,0.011,0.003,530102.0,60.36793211803116,-1.2598414055999985,95.7864384,0.049177044000002265,-0.0009859999999999314,0.581984,61700.0,26
0.939146,ttmm,1.8,125.0,0.011,0.002,459302.0,65.77280021212958,-1.2639371543999998,97.2429624,0.0491664635999997,-0.0014399999999999968,0.582088,130800.0,27
0.949105,ttmm,1.8,125.0,0.011,0.003,536602.0,60.48791479137861,-1.2737723561999996,96.49599479999999,0.057832999200000026,-0.001595000000000013,0.582329,61700.0,28
0.950103,ttmm,1.8,125.0,0.013,0.004,525605.0,67.40632145358366,-0.3104601714000006,106.828848,0.044983954799999795,-0.0005370000000000097,0.582178,61803.0,29
